<mappings>
	<mapping>
		<source type="bfile" />
		<target type="image" />
	</mapping>
	<mapping>
		<source type="binary_double" />
		<target type="decimal" />
	</mapping>
	<mapping>
		<source type="binary_float" />
		<target type="float" />
	</mapping>
	<mapping>
		<source type="blob" />
		<target type="image" />
	</mapping>
	<mapping>
		<source type="clob" />
		<target type="text" />
	</mapping>
	<mapping>
		<source type="char" />
		<target type="char" />
	</mapping>
	<mapping>
		<source type="date" />
		<target type="datetime" />
	</mapping>
	<mapping>
		<source type="float" />
		<target type="float" />
	</mapping>
	<mapping>
		<source type="int" />
		<target type="int" />
	</mapping>
	<mapping>
		<source type="integer" />
		<target type="int" />
	</mapping>
	<mapping>
		<source type="interval day([(]\d[)])? to second([(]\d[)])?" isExp="true"/>
		<target type="datetime"  />
		<special name="expression" value="interval day[(]0[)] to second([(]\d[)])?" type="time" ></special>
	</mapping>
	<mapping>
		<source type="interval year([(]\d[)])? to month" isExp="true"/>
		<target type="int" />
	</mapping>
	<mapping>
		<source type="long" />
		<target type="image" />
	</mapping>
	<mapping>
		<source type="long raw" />
		<target type="image" />
	</mapping>
	<mapping>
		<source type="nchar" />
		<target type="nchar" />
	</mapping>
	<mapping>
		<source type="nclob" />
		<target type="ntext" />
	</mapping>
	<mapping>
		<source type="number" />
		<target type="decimal" />
		<special name="scale" value="0" type="int"></special>
	</mapping>
	<mapping>
		<source type="nvarchar2" />
		<target type="nvarchar" />
	</mapping>
	<mapping>
		<source type="raw" />
		<target type="binary" />
		<special name ="maxLength" value="16" type="uniqueidentifier"></special>
	</mapping>
	<mapping>
		<source type="sdo_geometry" />
		<target type="geometry" />
	</mapping>
	<mapping>
		<source type="smallint" />
		<target type="smallint" />
	</mapping>
	<mapping>
		<source type="st_geometry" />
		<target type="geometry" />
	</mapping>
	<mapping>
		<source type="timestamp" />
		<target type="datetime2" />
	</mapping>
	<mapping>
		<source type="timestamp([(]\d[)])? with local time zone" isExp="true"/>
		<target type="datetimeoffset" />
	</mapping>
	<mapping>
		<source type="timestamp([(]\d[)])? with time zone" isExp="true"/>
		<target type="datetimeoffset" />
	</mapping>
	<mapping>
		<source type="varchar" />
		<target type="varchar" />
	</mapping>
	<mapping>
		<source type="varchar2" />
		<target type="varchar" />
	</mapping>
</mappings>