﻿<items>
  <item name="bigint" args="" value="-9223372036854775808~9223372036854775807" allowIdentity="true"></item>
  <item name="binary" args="length" range="1~8000" optional="true" displayDefault="50"></item>
  <item name="bit" args=""></item>
  <item name="char" args="length" range="1~8000" optional="true" displayDefault="10"></item>
  <item name="date" args=""></item>
  <item name="datetime" args=""></item>
  <item name="datetime2" args="scale" range="0~7" optional="true" default="7"></item>
  <item name="datetimeoffset" args="scale" range="0~7" optional="true" default="7"></item>
  <item name="decimal" args="precision,scale" range="1~38,0~38" default="38,4"></item>
  <item name="float" args=""></item>
  <item name="geography" args="" size="1.0e-7B"></item>
  <item name="geometry" args="" size="1.0e-7B"></item>
  <item name="hierarchyid" args="" maxLength="4000"></item>
  <item name="image" args="" size="2GB" indexForbidden="true"></item>
  <item name="int" args="" value="-2147483648~2147483647" allowIdentity="true"></item>
  <item name="integer" args="" value="-2147483648~2147483647" allowIdentity="true" mapTo="int"></item>
  <item name="money" args="" value="-922337203685477.5808~922337203685477.5807"></item>
  <item name="nchar" args="length" range="1~4000" optional="true" displayDefault="10"></item>
  <item name="ntext" args="" size="1GB" indexForbidden="true"></item>
  <item name="numeric" args="precision,scale" range="1~38,0~38" default="38,4"></item>
  <item name="nvarchar" args="length" range="1~4000" allowMax="true" optional="true" displayDefault="50"></item>
  <item name="real" args="" ></item>
  <item name="rowversion" args="" size="8B"></item>
  <item name="smalldatetime" args=""></item>
  <item name="smallint" args="" value="-32768~32767" allowIdentity="true"></item>
  <item name="smallmoney" args="" value="-214748.3648~214748.3647"></item>
  <item name="sql_variant" args="" size="8016B"></item>
  <item name="text" args="" size="2GB" indexForbidden="true"></item>
  <item name="time" args="scale" range="0~7"  optional="true" default="7"></item>
  <item name="timestamp" args="" mapTo="rowversion"></item>
  <item name="tinyint" args="" value="0~255" allowIdentity="true"></item>
  <item name="uniqueidentifier" args=""></item>
  <item name="varbinary" args="length" range="1~8000" allowMax="true" optional="true" displayDefault="50"></item>
  <item name="varchar" args="length" range="1~8000" allowMax="true" optional="true" displayDefault="50"></item>
  <item name="xml" args="" size="2GB" indexForbidden="true"></item>
</items>
